window,n_features,best_features,recall,precision,f1
0,3,"('sil_0', 'sil_10', 'sil_accumulated_30')",0.8076923076923077,0.75,0.7777777777777779
1,4,"('sil_20', 'sil_30', 'sil_50', 'sil_accumulated_10')",0.8076923076923077,0.84,0.8235294117647058
2,4,"('sil_20', 'sil_40', 'sil_accumulated_30', 'sil_accumulated_40')",0.7692307692307693,0.7692307692307693,0.7692307692307693
3,2,"('sil_30', 'sil_50')",0.46153846153846156,0.8571428571428571,0.6
4,3,"('sil_40', 'sil_50', 'sil_accumulated_50')",0.8076923076923077,0.525,0.6363636363636364
5,1,"('sil_50',)",0.8461538461538461,0.5365853658536586,0.6567164179104478
